name,Жанры,Режиссёр,Страна,Год
?,драматический фильм,Ханун Брамантйо,Индонезия,7 апреля 2011
...а пятый всадник – Страх,"драма, военный, арт-хаус",Збынек Брыных,Чехословакия,1965
…и передайте привет ласточкам,"драма, военный",Яромил Йиреш,Чехословакия,1972
Чудотворец из Бирюлёва,игровое кино,Борис Эпштейн,СССР,1958
«SOS» над тайгой,"драма, приключения","Аркадий Кольцатый,  Валентин Перов",СССР,1976
(Не)идеальные роботы,комедияфантастикамелодрамма,Энтони ХайнсКаспер Кристенсен,США,2023
0-41*,документальныйдрамакомедия,Сенна Хегде,Индия,2016
1,документальный,Пол Краудер,США,2013
1%,криминальный,Стив МакКаллум,Австралия,2017
1 миля до тебя,драмамелодрама,Лейф Тильден,США,2017
1 Night in China,,,,
01-99,комедия,Амасий Мартиросян,СССР,1959
1+1,комедийная драмабадди-муви,Оливье НакашЭрик Толедано,Франция,2011
1+1: Голливудская история,комедийная драма,Нил Бёргер,США,2017 (Международный кинофестиваль в Торонто 2017 (TIFF))2019 (международная премьера)
2 дня в Париже,комедиядрамамелодрама,Жюли Дельпи,ФранцияГермания,2007
2 дурня в снегу,комедия,Жан-Луи Гийерму,Франция,1977
2 секунды,комедия,Манон Брайан,Канада,1998
